{
  "per_position_overlap": {
    "0": 0.805277777777778,
    "1": 0.34369618055555573,
    "2": 0.2826736111111105,
    "3": 0.227890625,
    "4": 0.1995486111111113,
    "5": 0.18185243055555558,
    "6": 0.17636979166666644,
    "7": 0.17306770833333315
  },
  "deep_position_overlap": 0.12096875000000006,
  "pos0_sink_set_size_mean": 7.5,
  "pos0_sink_jaccard_math_code": 0.7892156862745098,
  "pos0_sink_jaccard_math_nli": 0.7780487804878049,
  "pos0_sink_jaccard_code_nli": 0.7370786516853932,
  "routing_mass_in_pos0_sink": 0.08149350217922714,
  "n_sinklike_positions": 2
}