{
  "math_cov90_keep": 87.91666666666667,
  "math_cov90_prune_pct": 31.315104166666664,
  "code_cov90_keep": 96.27083333333333,
  "code_cov90_prune_pct": 24.788411458333336,
  "nli_cov90_keep": 85.4375,
  "nli_cov90_prune_pct": 33.251953125,
  "math_cov95_keep": 101.29166666666667,
  "math_cov95_prune_pct": 20.865885416666664,
  "code_cov95_keep": 107.91666666666667,
  "code_cov95_prune_pct": 15.690104166666663,
  "nli_cov95_keep": 99.4375,
  "nli_cov95_prune_pct": 22.314453125,
  "math_cov99_keep": 117.54166666666667,
  "math_cov99_prune_pct": 8.170572916666663,
  "code_cov99_keep": 120.60416666666667,
  "code_cov99_prune_pct": 5.7779947916666625,
  "nli_cov99_keep": 116.9375,
  "nli_cov99_prune_pct": 8.642578125,
  "all_cov95_keep": 122.20833333333333,
  "all_cov95_prune_pct": 4.5247395833333375,
  "overlap95_math_code": 0.7568229531140658,
  "overlap95_math_nli": 0.8557395993836672,
  "overlap95_code_nli": 0.7019493844049247,
  "math_cov90_keep_selbasis": 50.729166666666664,
  "math_cov90_prune_pct_selbasis": 60.36783854166667,
  "code_cov90_keep_selbasis": 64.72916666666667,
  "code_cov90_prune_pct_selbasis": 49.430338541666664,
  "nli_cov90_keep_selbasis": 51.791666666666664,
  "nli_cov90_prune_pct_selbasis": 59.53776041666667,
  "math_cov95_keep_selbasis": 63.354166666666664,
  "math_cov95_prune_pct_selbasis": 50.50455729166667,
  "code_cov95_keep_selbasis": 78.10416666666667,
  "code_cov95_prune_pct_selbasis": 38.981119791666664,
  "nli_cov95_keep_selbasis": 62.9375,
  "nli_cov95_prune_pct_selbasis": 50.830078125,
  "math_cov99_keep_selbasis": 84.33333333333333,
  "math_cov99_prune_pct_selbasis": 34.114583333333336,
  "code_cov99_keep_selbasis": 98.72916666666667,
  "code_cov99_prune_pct_selbasis": 22.867838541666664,
  "nli_cov99_keep_selbasis": 80.9375,
  "nli_cov99_prune_pct_selbasis": 36.767578125,
  "all_cov95_keep_selbasis": 102.33333333333333,
  "all_cov95_prune_pct_selbasis": 20.052083333333336,
  "overlap95_math_code_selbasis": 0.5125863221207396,
  "overlap95_math_nli_selbasis": 0.6083841867869462,
  "overlap95_code_nli_selbasis": 0.4074844074844075
}