{
  "N_eval": 40,
  "coverages": [
    0.95,
    0.99
  ],
  "per_domain": {
    "math": {
      "baseline": {
        "nll": 2.3823136987642792,
        "ppl": 10.829931097066634,
        "next_tok_acc": 0.5307978503513848,
        "tokens": 2419
      },
      "matched_cov95": {
        "nll": 2.3919421034738417,
        "ppl": 10.934709672442995,
        "next_tok_acc": 0.5341050020669699,
        "tokens": 2419,
        "prune_pct": 20.817057291666664,
        "d_ppl": 0.10477857537636126,
        "d_nextacc": 0.003307151715585044
      },
      "matched_cov99": {
        "nll": 2.3754872341400435,
        "ppl": 10.756252723077667,
        "next_tok_acc": 0.5332782141380736,
        "tokens": 2419,
        "prune_pct": 8.138020833333332,
        "d_ppl": -0.07367837398896704,
        "d_nextacc": 0.0024803637866888106
      },
      "mismatched_code_cov95": {
        "nll": 2.4772861807146267,
        "ppl": 11.908901917031606,
        "next_tok_acc": 0.5183960314179413,
        "tokens": 2419,
        "prune_pct": 16.064453125,
        "d_ppl": 1.0789708199649723,
        "d_nextacc": -0.012401818933443498
      },
      "mismatched_nli_cov95": {
        "nll": 2.3798739798752027,
        "ppl": 10.80354131451704,
        "next_tok_acc": 0.5250103348491112,
        "tokens": 2419,
        "prune_pct": 22.298177083333336,
        "d_ppl": -0.026389782549594898,
        "d_nextacc": -0.005787515502273632
      }
    },
    "code": {
      "baseline": {
        "nll": 2.3898234731621213,
        "ppl": 10.911567588497642,
        "next_tok_acc": 0.5711805555555556,
        "tokens": 576
      },
      "matched_cov95": {
        "nll": 2.4164496461550393,
        "ppl": 11.206003328316367,
        "next_tok_acc": 0.4947916666666667,
        "tokens": 576,
        "prune_pct": 16.064453125,
        "d_ppl": 0.2944357398187254,
        "d_nextacc": -0.0763888888888889
      },
      "matched_cov99": {
        "nll": 2.3874836415052414,
        "ppl": 10.886066203336643,
        "next_tok_acc": 0.5746527777777778,
        "tokens": 576,
        "prune_pct": 6.136067708333334,
        "d_ppl": -0.025501385160998424,
        "d_nextacc": 0.00347222222222221
      },
      "mismatched_math_cov95": {
        "nll": 2.656578239467409,
        "ppl": 14.247454219157282,
        "next_tok_acc": 0.5364583333333334,
        "tokens": 576,
        "prune_pct": 20.817057291666664,
        "d_ppl": 3.3358866306596404,
        "d_nextacc": -0.03472222222222221
      },
      "mismatched_nli_cov95": {
        "nll": 2.6946254538165197,
        "ppl": 14.799974441109535,
        "next_tok_acc": 0.5190972222222222,
        "tokens": 576,
        "prune_pct": 22.298177083333336,
        "d_ppl": 3.888406852611894,
        "d_nextacc": -0.05208333333333337
      }
    },
    "nli": {
      "baseline": {
        "nll": 3.490811435806771,
        "ppl": 32.81256219467379,
        "next_tok_acc": 0.44346387203530063,
        "tokens": 1813
      },
      "matched_cov95": {
        "nll": 3.498149873930252,
        "ppl": 33.0542408393162,
        "next_tok_acc": 0.4429123000551572,
        "tokens": 1813,
        "prune_pct": 22.298177083333336,
        "d_ppl": 0.24167864464241262,
        "d_nextacc": -0.0005515719801434393
      },
      "matched_cov99": {
        "nll": 3.4879260981076343,
        "ppl": 32.718023325837066,
        "next_tok_acc": 0.4445670159955874,
        "tokens": 1813,
        "prune_pct": 8.59375,
        "d_ppl": -0.09453886883672169,
        "d_nextacc": 0.0011031439602867676
      },
      "mismatched_math_cov95": {
        "nll": 3.2978291813997163,
        "ppl": 27.053846137108376,
        "next_tok_acc": 0.44346387203530063,
        "tokens": 1813,
        "prune_pct": 20.817057291666664,
        "d_ppl": -5.758716057565412,
        "d_nextacc": 0.0
      },
      "mismatched_code_cov95": {
        "nll": 3.851240710402087,
        "ppl": 47.05140419859497,
        "next_tok_acc": 0.38996138996138996,
        "tokens": 1813,
        "prune_pct": 16.064453125,
        "d_ppl": 14.238842003921185,
        "d_nextacc": -0.05350248207391067
      }
    }
  }
}