{
  "P2": {
    "same_token_overlap": 0.4706602401733295,
    "random_overlap": 0.1231640625,
    "gap": 0.3474961776733295,
    "n_freq_ids": 30,
    "by_type": {
      "punct/other": 0.4501890863218989,
      "word": 0.5127813615998496,
      "num": 0.38563212150451737
    },
    "examples": [
      [
        "ise",
        28,
        0.9866365131578949
      ],
      [
        "Prem",
        28,
        0.9315378289473685
      ],
      [
        "thesis",
        28,
        0.8365709459459458
      ],
      [
        "?",
        24,
        0.7064636752136754
      ],
      [
        "Hyp",
        28,
        0.6909950657894737
      ],
      [
        "function",
        23,
        0.6821546052631579
      ],
      [
        "o",
        28,
        0.6067040598290598
      ],
      [
        ":",
        69,
        0.5517494658119659
      ],
      [
        ".",
        122,
        0.5479166666666667
      ],
      [
        "-",
        21,
        0.48828125
      ],
      [
        "",
        107,
        0.437890625
      ],
      [
        "4",
        21,
        0.4200721153846153
      ]
    ]
  },
  "P4": {
    "pos0_overlap": 0.8334622395833333,
    "otherpos_overlap": 0.1313515625,
    "pos0_distinct_token_ids": 24,
    "pos0_count": 80
  },
  "P6": {
    "mean_top8_changed": 0.12123966013192558,
    "early": 0.08484339848143982,
    "mid": 0.11416444038245219,
    "late": 0.11618567210348707,
    "perturbation": "prepend 'Note: '"
  }
}