{
  "P2": {
    "same_token_overlap": 0.5935775842709297,
    "random_overlap": 0.2549375,
    "gap": 0.3386400842709297,
    "n_freq_ids": 37,
    "by_type": {
      "punct/other": 0.6015222874854864,
      "word": 0.6258889277122052,
      "num": 0.47536892361111116
    },
    "examples": [
      [
        "Prem",
        28,
        1.0
      ],
      [
        "ise",
        28,
        0.9942434210526315
      ],
      [
        "<s>",
        80,
        0.9901315789473685
      ],
      [
        "othes",
        28,
        0.8577302631578947
      ],
      [
        "yp",
        28,
        0.846484375
      ],
      [
        "is",
        29,
        0.84375
      ],
      [
        "?",
        24,
        0.801953125
      ],
      [
        "function",
        22,
        0.7335304054054054
      ],
      [
        "H",
        30,
        0.7175480769230769
      ],
      [
        ".",
        146,
        0.697265625
      ],
      [
        ":",
        72,
        0.64921875
      ],
      [
        "\"\"\"",
        20,
        0.6355574324324325
      ]
    ]
  },
  "P4": {
    "pos0_overlap": 0.9900390625,
    "otherpos_overlap": 0.2515625,
    "pos0_distinct_token_ids": 1,
    "pos0_count": 80
  },
  "P6": {
    "mean_top8_changed": 0.07988923388709117,
    "early": 0.07101036269430053,
    "mid": 0.07487046632124353,
    "late": 0.07345737164390014,
    "perturbation": "prepend 'Note: '"
  }
}